CS61B,CS61A
CS61C,CS61A,CS61B
CS70,CS61A
CS150,CS61C,EE16B
CS152,CS61C
CS160,CS61B
CS162,CS61B,CS61C,CS70
CS164,CS61B,CS61C
CS169,CS61A,CS61B,CS61C
CS170,CS61B,CS70
CS172,CS170,CS70
CS174,CS170,CS70
CS184,CS61B
CS186,CS61B,CS61C
CS188,CS61A,CS61B,CS70
CS195,CS150,CS170
CS261,CS162
CS262A,CS162
CS263,CS164
CS278,CS170
CS280,EE16B
CS281A,CS289
EE105,EE16A,EE16B
EE117,EE16B
EE120,EE16B
EE122,CS61A,CS61B
EE123,EE120
EE125,EE120
EE126,EE16B,CS70
EE128,EE16B,EE120
EE130,EE16B,EE100
EE140,EE105
EE141,EE16B,EE105
EE142,EE120,EE140
EE143,EE16B,EE130
EE145L,EE16B,EE100
EE210,EE117
EE226A,EE120
EE228A,EE122,EE226A
EE233,EE120,EE121,EE136
EE236A,EE117A
EE242,EE142,EE240
EE244,EE140,EE141
EE247,EE240
EE221A,EE120
CS182,CS61A,CS61B
CS252,CS152
CS260,CS162,CS164
CS262B,CS262A
CS264,CS164,CS263
CS266,CS162
CS268,CS162
CS276,CS170
CS282,CS164
CS285,CS184
CS287,EE125
CS288,CS164
EE118,EE16A,EE16B
EE121,CS70,EE16B,EE126
EE129,EE120
EE133,EE16B,EE143
EE145M,EE16B,CS61B
EE192,EE120,CS61B,CS61C,CS150
EE220,EE104
EE222,EE221A
EE224A,EE121,EE226A
EE225A,EE123,EE126
EE230,EE131
EE231,EE130
EE240,EE140
EE241,EE141
EE243,EE143,EE141,EE140
CS270,CS170
CS271,CS170,CS270
CS289,CS188
EE113,EE105
EE225B,EE123
EE225D,EE123
EE229,EE226
EE232,EE136
CS273,CS170
CS279,CS61B
CS286,CS162,CS186
EE225C,EE141,EE123
EE131,EE130
CS265,CS164
CS274,CS170
EE219C,EE219B,CS172
CS250,CS150
EE223,EE226A
CS258,CS252
EE104,EE16B
CS189,CS70,CS188
CS61BL,CS61A
CS61CL,CS61B
CS161,CS61C,CS70
EE134,EE16B
CS176,CS170,CS70,CS61B,CS188
EE151,EE16A,EE16B,CS61C,EE105
EE16B,EE16A
